{
    "precision": 0.5,
    "recall": 0.09090909090909091,
    "f1_score": 0.15384615384615385,
    "true_positives": 1,
    "false_positives": 1,
    "false_negatives": 10
}