{
    "precision": 1.0,
    "recall": 0.07692307692307693,
    "f1_score": 0.14285714285714288,
    "true_positives": 1,
    "false_positives": 0,
    "false_negatives": 12
}