{
    "precision": 0.42857142857142855,
    "recall": 0.25,
    "f1_score": 0.3157894736842105,
    "true_positives": 3,
    "false_positives": 4,
    "false_negatives": 9
}