{
    "precision": 0.5,
    "recall": 0.2857142857142857,
    "f1_score": 0.36363636363636365,
    "true_positives": 4,
    "false_positives": 4,
    "false_negatives": 10
}