{
    "precision": 0.375,
    "recall": 0.21428571428571427,
    "f1_score": 0.2727272727272727,
    "true_positives": 3,
    "false_positives": 5,
    "false_negatives": 11
}