{
    "precision": 0.125,
    "recall": 0.1111111111111111,
    "f1_score": 0.11764705882352941,
    "true_positives": 1,
    "false_positives": 7,
    "false_negatives": 8
}