{
    "precision": 0.3333333333333333,
    "recall": 0.07692307692307693,
    "f1_score": 0.125,
    "true_positives": 1,
    "false_positives": 2,
    "false_negatives": 12
}