{
    "precision": 0.6666666666666666,
    "recall": 0.14285714285714285,
    "f1_score": 0.23529411764705882,
    "true_positives": 2,
    "false_positives": 1,
    "false_negatives": 12
}