{
    "precision": 0.6,
    "recall": 0.3333333333333333,
    "f1_score": 0.42857142857142855,
    "true_positives": 3,
    "false_positives": 2,
    "false_negatives": 6
}