{
    "precision": 0.16666666666666666,
    "recall": 0.06666666666666667,
    "f1_score": 0.09523809523809522,
    "true_positives": 1,
    "false_positives": 5,
    "false_negatives": 14
}