{
    "precision": 0.4444444444444444,
    "recall": 0.5,
    "f1_score": 0.47058823529411764,
    "true_positives": 4,
    "false_positives": 5,
    "false_negatives": 4
}