{
    "precision": 0.16666666666666666,
    "recall": 0.09090909090909091,
    "f1_score": 0.11764705882352942,
    "true_positives": 1,
    "false_positives": 5,
    "false_negatives": 10
}