{
    "precision": 0.3333333333333333,
    "recall": 0.2727272727272727,
    "f1_score": 0.3,
    "true_positives": 3,
    "false_positives": 6,
    "false_negatives": 8
}