{
    "precision": 0.16666666666666666,
    "recall": 0.07142857142857142,
    "f1_score": 0.1,
    "true_positives": 1,
    "false_positives": 5,
    "false_negatives": 13
}