{
    "precision": 0.3333333333333333,
    "recall": 0.08333333333333333,
    "f1_score": 0.13333333333333333,
    "true_positives": 1,
    "false_positives": 2,
    "false_negatives": 11
}