{
    "precision": 0.5,
    "recall": 0.08333333333333333,
    "f1_score": 0.14285714285714285,
    "true_positives": 1,
    "false_positives": 1,
    "false_negatives": 11
}