{
    "precision": 1.0,
    "recall": 0.08333333333333333,
    "f1_score": 0.15384615384615385,
    "true_positives": 1,
    "false_positives": 0,
    "false_negatives": 11
}