{
    "precision": 0.14285714285714285,
    "recall": 0.125,
    "f1_score": 0.13333333333333333,
    "true_positives": 1,
    "false_positives": 6,
    "false_negatives": 7
}