{
    "precision": 0.2857142857142857,
    "recall": 0.25,
    "f1_score": 0.26666666666666666,
    "true_positives": 2,
    "false_positives": 5,
    "false_negatives": 6
}