{
    "precision": 0.6666666666666666,
    "recall": 0.2,
    "f1_score": 0.30769230769230765,
    "true_positives": 2,
    "false_positives": 1,
    "false_negatives": 8
}