{
    "precision": 0.3333333333333333,
    "recall": 0.4,
    "f1_score": 0.3636363636363636,
    "true_positives": 2,
    "false_positives": 4,
    "false_negatives": 3
}