{
    "precision": 0.25,
    "recall": 0.05555555555555555,
    "f1_score": 0.0909090909090909,
    "true_positives": 1,
    "false_positives": 3,
    "false_negatives": 17
}