{
    "precision": 0.2857142857142857,
    "recall": 0.2222222222222222,
    "f1_score": 0.25,
    "true_positives": 2,
    "false_positives": 5,
    "false_negatives": 7
}