{
    "precision": 0.3333333333333333,
    "recall": 0.3333333333333333,
    "f1_score": 0.3333333333333333,
    "true_positives": 2,
    "false_positives": 4,
    "false_negatives": 4
}