{
    "precision": 1.0,
    "recall": 0.4166666666666667,
    "f1_score": 0.5882352941176471,
    "true_positives": 5,
    "false_positives": 0,
    "false_negatives": 7
}