{
    "precision": 0.2,
    "recall": 0.16666666666666666,
    "f1_score": 0.1818181818181818,
    "true_positives": 1,
    "false_positives": 4,
    "false_negatives": 5
}