{
    "precision": 0.5714285714285714,
    "recall": 0.5714285714285714,
    "f1_score": 0.5714285714285714,
    "true_positives": 4,
    "false_positives": 3,
    "false_negatives": 3
}