{
    "precision": 1.0,
    "recall": 0.4444444444444444,
    "f1_score": 0.6153846153846153,
    "true_positives": 4,
    "false_positives": 0,
    "false_negatives": 5
}