{
    "precision": 0.4,
    "recall": 0.15384615384615385,
    "f1_score": 0.2222222222222222,
    "true_positives": 2,
    "false_positives": 3,
    "false_negatives": 11
}