{
    "precision": 0.16666666666666666,
    "recall": 0.14285714285714285,
    "f1_score": 0.15384615384615383,
    "true_positives": 1,
    "false_positives": 5,
    "false_negatives": 6
}