{
    "precision": 0.5,
    "recall": 0.2727272727272727,
    "f1_score": 0.3529411764705882,
    "true_positives": 3,
    "false_positives": 3,
    "false_negatives": 8
}