{
    "precision": 0.125,
    "recall": 0.07692307692307693,
    "f1_score": 0.09523809523809525,
    "true_positives": 1,
    "false_positives": 7,
    "false_negatives": 12
}