{
    "precision": 0.6,
    "recall": 0.21428571428571427,
    "f1_score": 0.3157894736842105,
    "true_positives": 3,
    "false_positives": 2,
    "false_negatives": 11
}