{
    "precision": 0.6666666666666666,
    "recall": 0.3333333333333333,
    "f1_score": 0.4444444444444444,
    "true_positives": 4,
    "false_positives": 2,
    "false_negatives": 8
}