{
    "precision": 0.3333333333333333,
    "recall": 0.09090909090909091,
    "f1_score": 0.14285714285714288,
    "true_positives": 1,
    "false_positives": 2,
    "false_negatives": 10
}