{
    "precision": 0.14285714285714285,
    "recall": 0.07692307692307693,
    "f1_score": 0.1,
    "true_positives": 1,
    "false_positives": 6,
    "false_negatives": 12
}