{
    "precision": 0.25,
    "recall": 0.07142857142857142,
    "f1_score": 0.11111111111111112,
    "true_positives": 1,
    "false_positives": 3,
    "false_negatives": 13
}