{
    "precision": 0.5,
    "recall": 0.3076923076923077,
    "f1_score": 0.380952380952381,
    "true_positives": 4,
    "false_positives": 4,
    "false_negatives": 9
}