{
    "precision": 0.5714285714285714,
    "recall": 0.23529411764705882,
    "f1_score": 0.3333333333333333,
    "true_positives": 4,
    "false_positives": 3,
    "false_negatives": 13
}