{
    "precision": 0.625,
    "recall": 0.5555555555555556,
    "f1_score": 0.5882352941176471,
    "true_positives": 5,
    "false_positives": 3,
    "false_negatives": 4
}