{
    "precision": 0.1111111111111111,
    "recall": 0.07692307692307693,
    "f1_score": 0.09090909090909093,
    "true_positives": 1,
    "false_positives": 8,
    "false_negatives": 12
}