{
    "precision": 0.6666666666666666,
    "recall": 0.2857142857142857,
    "f1_score": 0.4,
    "true_positives": 2,
    "false_positives": 1,
    "false_negatives": 5
}