{
    "precision": 0.2,
    "recall": 0.08333333333333333,
    "f1_score": 0.11764705882352941,
    "true_positives": 1,
    "false_positives": 4,
    "false_negatives": 11
}