{
    "precision": 0.2222222222222222,
    "recall": 0.14285714285714285,
    "f1_score": 0.17391304347826086,
    "true_positives": 2,
    "false_positives": 7,
    "false_negatives": 12
}