{
    "precision": 0.2,
    "recall": 0.07142857142857142,
    "f1_score": 0.10526315789473682,
    "true_positives": 1,
    "false_positives": 4,
    "false_negatives": 13
}