{
    "precision": 0.2,
    "recall": 0.07692307692307693,
    "f1_score": 0.1111111111111111,
    "true_positives": 1,
    "false_positives": 4,
    "false_negatives": 12
}