{
    "precision": 0.16666666666666666,
    "recall": 0.07692307692307693,
    "f1_score": 0.10526315789473684,
    "true_positives": 1,
    "false_positives": 5,
    "false_negatives": 12
}