{
    "precision": 0.4,
    "recall": 0.2857142857142857,
    "f1_score": 0.3333333333333333,
    "true_positives": 2,
    "false_positives": 3,
    "false_negatives": 5
}