{
    "precision": 0.5,
    "recall": 0.18181818181818182,
    "f1_score": 0.26666666666666666,
    "true_positives": 2,
    "false_positives": 2,
    "false_negatives": 9
}