{
    "precision": 0.2,
    "recall": 0.1111111111111111,
    "f1_score": 0.14285714285714285,
    "true_positives": 1,
    "false_positives": 4,
    "false_negatives": 8
}