{
    "precision": 0.2,
    "recall": 0.09090909090909091,
    "f1_score": 0.12500000000000003,
    "true_positives": 1,
    "false_positives": 4,
    "false_negatives": 10
}