{
    "precision": 0.3333333333333333,
    "recall": 0.1,
    "f1_score": 0.15384615384615383,
    "true_positives": 1,
    "false_positives": 2,
    "false_negatives": 9
}