{
    "precision": 0.6666666666666666,
    "recall": 0.18181818181818182,
    "f1_score": 0.28571428571428575,
    "true_positives": 2,
    "false_positives": 1,
    "false_negatives": 9
}