{
    "precision": 0.375,
    "recall": 0.3333333333333333,
    "f1_score": 0.35294117647058826,
    "true_positives": 3,
    "false_positives": 5,
    "false_negatives": 6
}