{
    "precision": 0.7142857142857143,
    "recall": 0.3333333333333333,
    "f1_score": 0.4545454545454545,
    "true_positives": 5,
    "false_positives": 2,
    "false_negatives": 10
}