{
    "precision": 0.25,
    "recall": 0.14285714285714285,
    "f1_score": 0.18181818181818182,
    "true_positives": 1,
    "false_positives": 3,
    "false_negatives": 6
}