{
    "precision": 0.64285714285714285,
    "recall": 0.666666,
    "f1_score": 0.66666666666666666,
    "true_positives": 1,
    "false_positives": 6,
    "false_negatives": 4
}