{
    "precision": 0.125,
    "recall": 0.3333333333333333,
    "f1_score": 0.18181818181818182,
    "true_positives": 1,
    "false_positives": 7,
    "false_negatives": 2
}