{
    "precision": 0.3333333333333333,
    "recall": 0.07142857142857142,
    "f1_score": 0.11764705882352941,
    "true_positives": 1,
    "false_positives": 2,
    "false_negatives": 13
}