{
    "precision": 0.5454545454545454,
    "recall": 0.6666666666666666,
    "f1_score": 0.6,
    "true_positives": 6,
    "false_positives": 5,
    "false_negatives": 3
}