{
    "precision": 0.5,
    "recall": 0.2222222222222222,
    "f1_score": 0.30769230769230765,
    "true_positives": 2,
    "false_positives": 2,
    "false_negatives": 7
}