{
    "precision": 0.8,
    "recall": 0.36363636363636365,
    "f1_score": 0.5000000000000001,
    "true_positives": 4,
    "false_positives": 1,
    "false_negatives": 7
}