{
    "precision": 0.23076923076923078,
    "recall": 0.23076923076923078,
    "f1_score": 0.23076923076923078,
    "true_positives": 3,
    "false_positives": 10,
    "false_negatives": 10
}