{
    "precision": 0.14285714285714285,
    "recall": 0.09090909090909091,
    "f1_score": 0.1111111111111111,
    "true_positives": 1,
    "false_positives": 6,
    "false_negatives": 10
}