{
    "precision": 1.0,
    "recall": 0.09090909090909091,
    "f1_score": 0.16666666666666669,
    "true_positives": 1,
    "false_positives": 0,
    "false_negatives": 10
}