{
    "precision": 0.2857142857142857,
    "recall": 0.5,
    "f1_score": 0.36363636363636365,
    "true_positives": 2,
    "false_positives": 5,
    "false_negatives": 2
}