{
    "precision": 0.25,
    "recall": 0.07692307692307693,
    "f1_score": 0.11764705882352941,
    "true_positives": 1,
    "false_positives": 3,
    "false_negatives": 12
}