{
    "precision": 0.2857142857142857,
    "recall": 0.2,
    "f1_score": 0.23529411764705882,
    "true_positives": 2,
    "false_positives": 5,
    "false_negatives": 8
}