{
    "precision": 0.8571428571428571,
    "recall": 0.6666666666666666,
    "f1_score": 0.75,
    "true_positives": 6,
    "false_positives": 1,
    "false_negatives": 3
}