{
    "precision": 0.42857142857142855,
    "recall": 0.3,
    "f1_score": 0.3529411764705882,
    "true_positives": 3,
    "false_positives": 4,
    "false_negatives": 7
}