{
    "precision": 0.16666666666666666,
    "recall": 0.3333333333333333,
    "f1_score": 0.2222222222222222,
    "true_positives": 1,
    "false_positives": 5,
    "false_negatives": 2
}