{
    "precision": 0.25,
    "recall": 0.14285714285714285,
    "f1_score": 0.18181818181818182,
    "true_positives": 2,
    "false_positives": 6,
    "false_negatives": 12
}