{
    "precision": 0.2,
    "recall": 0.18181818181818182,
    "f1_score": 0.1904761904761905,
    "true_positives": 2,
    "false_positives": 8,
    "false_negatives": 9
}