{
    "precision": 0.75,
    "recall": 0.3333333333333333,
    "f1_score": 0.46153846153846156,
    "true_positives": 3,
    "false_positives": 1,
    "false_negatives": 6
}