{
    "precision": 0.3333333333333333,
    "recall": 0.18181818181818182,
    "f1_score": 0.23529411764705885,
    "true_positives": 2,
    "false_positives": 4,
    "false_negatives": 9
}