{
    "precision": 0.1111111111111111,
    "recall": 0.1,
    "f1_score": 0.10526315789473685,
    "true_positives": 1,
    "false_positives": 8,
    "false_negatives": 9
}