{
    "precision": 0.4,
    "recall": 0.16666666666666666,
    "f1_score": 0.23529411764705882,
    "true_positives": 2,
    "false_positives": 3,
    "false_negatives": 10
}