{
    "precision": 0.3333333333333333,
    "recall": 0.2222222222222222,
    "f1_score": 0.26666666666666666,
    "true_positives": 2,
    "false_positives": 4,
    "false_negatives": 7
}