{
    "precision": 0.25,
    "recall": 0.09090909090909091,
    "f1_score": 0.13333333333333333,
    "true_positives": 1,
    "false_positives": 3,
    "false_negatives": 10
}