{
    "precision": 0.42857142857142855,
    "recall": 0.23076923076923078,
    "f1_score": 0.3,
    "true_positives": 3,
    "false_positives": 4,
    "false_negatives": 10
}