{
    "precision": 0.25,
    "recall": 0.06666666666666667,
    "f1_score": 0.10526315789473685,
    "true_positives": 1,
    "false_positives": 3,
    "false_negatives": 14
}