{
    "precision": 0.2857142857142857,
    "recall": 0.16666666666666666,
    "f1_score": 0.2105263157894737,
    "true_positives": 2,
    "false_positives": 5,
    "false_negatives": 10
}