{
    "precision": 0.2,
    "recall": 0.14285714285714285,
    "f1_score": 0.16666666666666666,
    "true_positives": 1,
    "false_positives": 4,
    "false_negatives": 6
}