{
    "precision": 0.25,
    "recall": 0.3333333333333333,
    "f1_score": 0.28571428571428575,
    "true_positives": 2,
    "false_positives": 6,
    "false_negatives": 4
}