{
    "precision": 0.6,
    "recall": 0.23076923076923078,
    "f1_score": 0.33333333333333337,
    "true_positives": 3,
    "false_positives": 2,
    "false_negatives": 10
}