{
    "precision": 0.5,
    "recall": 0.1111111111111111,
    "f1_score": 0.1818181818181818,
    "true_positives": 1,
    "false_positives": 1,
    "false_negatives": 8
}