{
    "precision": 0.3333333333333333,
    "recall": 0.23076923076923078,
    "f1_score": 0.27272727272727276,
    "true_positives": 3,
    "false_positives": 6,
    "false_negatives": 10
}