{
    "precision": 0.25,
    "recall": 0.1111111111111111,
    "f1_score": 0.15384615384615383,
    "true_positives": 1,
    "false_positives": 3,
    "false_negatives": 8
}