{
    "precision": 1.0,
    "recall": 0.15384615384615385,
    "f1_score": 0.2666666666666667,
    "true_positives": 2,
    "false_positives": 0,
    "false_negatives": 11
}