{
    "precision": 0.14285714285714285,
    "recall": 0.3333333333333333,
    "f1_score": 0.2,
    "true_positives": 1,
    "false_positives": 6,
    "false_negatives": 2
}