{
    "precision": 0.2222222222222222,
    "recall": 0.25,
    "f1_score": 0.23529411764705882,
    "true_positives": 2,
    "false_positives": 7,
    "false_negatives": 6
}