{
    "precision": 0.8333333333333334,
    "recall": 0.29411764705882354,
    "f1_score": 0.4347826086956522,
    "true_positives": 5,
    "false_positives": 1,
    "false_negatives": 12
}