{
    "precision": 0.3333333333333333,
    "recall": 0.1111111111111111,
    "f1_score": 0.16666666666666666,
    "true_positives": 1,
    "false_positives": 2,
    "false_negatives": 8
}