{
    "precision": 0.75,
    "recall": 0.17647058823529413,
    "f1_score": 0.2857142857142857,
    "true_positives": 3,
    "false_positives": 1,
    "false_negatives": 14
}